,downsample,C,response,epsilon,gamma,mean_train_score,mean_test_score,mean_fit_time,mean_score_time,rank_test_score
0,0.15,0.5,ETSHeatingOutletTemperature,0.1,0.5,0.9724835752880733,0.9518628215455038,2.5725301106770835,0.5446982383728027,6
1,0.15,0.5,ETSHeatingOutletTemperature,0.1,0.05,0.9671917040763557,0.9663129715500115,1.632459004720052,0.4172967274983724,2
2,0.15,0.5,ETSHeatingOutletTemperature,0.25,0.5,0.958263961289297,0.9373943016950524,1.3969167073567708,0.3435503641764323,8
3,0.15,0.5,ETSHeatingOutletTemperature,0.25,0.05,0.9597476543178804,0.9588484687794959,0.9025454521179199,0.1654199759165446,4
4,0.15,5.0,ETSHeatingOutletTemperature,0.1,0.5,0.9926623790574282,0.9662192538831912,4.872116406758626,0.45264124870300293,3
5,0.15,5.0,ETSHeatingOutletTemperature,0.1,0.05,0.9711689548220033,0.9693463460165884,2.6010751724243164,0.29234107335408527,1
6,0.15,5.0,ETSHeatingOutletTemperature,0.25,0.5,0.9725005288848886,0.9487147256552915,1.5673446655273438,0.2940853436787923,7
7,0.15,5.0,ETSHeatingOutletTemperature,0.25,0.05,0.9574638904105782,0.9559320145664707,0.9788710276285807,0.10528731346130371,5
