,downsample,C,response,epsilon,gamma,mean_train_score,mean_test_score,mean_fit_time,mean_score_time,rank_test_score
0,0.15,0.5,DistrictHeatingHotWaterEnergy,0.1,0.5,0.15739043637039554,0.09771440236856956,1.1018637816111247,0.23337086041768393,4
1,0.15,0.5,DistrictHeatingHotWaterEnergy,0.1,0.05,0.01160368069885868,0.009083576732009954,0.929470936457316,0.15429011980692545,8
2,0.15,0.5,DistrictHeatingHotWaterEnergy,0.25,0.5,0.1767831405560799,0.11462161962647444,0.970814069112142,0.23095273971557617,3
3,0.15,0.5,DistrictHeatingHotWaterEnergy,0.25,0.05,0.02826144795474998,0.025563812092970463,0.9616589546203613,0.16646432876586914,7
4,0.15,5.0,DistrictHeatingHotWaterEnergy,0.1,0.5,0.5161694430599386,0.2429602963464728,3.640255610148112,0.3589013417561849,2
5,0.15,5.0,DistrictHeatingHotWaterEnergy,0.1,0.05,0.06390198963690548,0.0527912822470441,1.477461576461792,0.1977991263071696,6
6,0.15,5.0,DistrictHeatingHotWaterEnergy,0.25,0.5,0.5365183103190475,0.2434991521485609,1.4607079823811848,0.2766529719034831,1
7,0.15,5.0,DistrictHeatingHotWaterEnergy,0.25,0.05,0.10855800678200915,0.09484833643514037,0.7985185782114664,0.10681541760762532,5
