,downsample,C,response,epsilon,gamma,mean_train_score,mean_test_score,mean_fit_time,mean_score_time,rank_test_score
0,0.15,0.5,HeatingElectricity,0.1,0.5,0.14945999739747595,0.09320856832306297,0.5989669958750407,0.11937069892883301,4
1,0.15,0.5,HeatingElectricity,0.1,0.05,0.013319683205793686,0.010529964212788994,0.47384413083394367,0.08672769864400227,8
2,0.15,0.5,HeatingElectricity,0.25,0.5,0.15918318905191275,0.10166733085723272,0.5020260810852051,0.11942227681477864,3
3,0.15,0.5,HeatingElectricity,0.25,0.05,0.025052309728546218,0.022465710315281814,0.46097898483276367,0.1153091589609782,7
4,0.15,5.0,HeatingElectricity,0.1,0.5,0.46594864948953924,0.2106689258571582,2.5146458943684897,0.43307065963745117,1
5,0.15,5.0,HeatingElectricity,0.1,0.05,0.06586538063930729,0.05331803781625285,0.9080366293589274,0.1521607240041097,6
6,0.15,5.0,HeatingElectricity,0.25,0.5,0.4807383121215527,0.21022429081101462,1.3068816661834717,0.22891060511271158,2
7,0.15,5.0,HeatingElectricity,0.25,0.05,0.09715709323828019,0.08514323165833823,0.8628673553466797,0.12917804718017578,5
